{"cameraMode":{"drawMode":0,"name":"Shaded","section":"Shading Mode"},"sceneLighting":true,"audioPlay":false,"sceneViewState":{"showFog":true,"showMaterialUpdate":true,"showSkybox":true,"showFlares":true,"showImageEffects":true,"showParticleSystems":true},"in2DMode":false,"pivot":{"x":-25.519580841064454,"y":-43.95405197143555,"z":7.293548583984375},"rotation":{"x":-0.3515908122062683,"y":-0.1592612862586975,"z":0.06073584035038948,"w":-0.9205853343009949},"size":65.87767028808594,"orthographic":false}