{"cameraMode":{"drawMode":0,"name":"Shaded","section":"Shading Mode"},"sceneLighting":false,"audioPlay":false,"sceneViewState":{"showFog":true,"showMaterialUpdate":true,"showSkybox":false,"showFlares":true,"showImageEffects":true,"showParticleSystems":true},"in2DMode":false,"pivot":{"x":3.063664436340332,"y":-7.379514694213867,"z":9.992757797241211},"rotation":{"x":-0.18011710047721864,"y":-0.08634406328201294,"z":0.015866719186306,"w":-0.9797393679618836},"size":21.913311004638673,"orthographic":false}