{"cameraMode":{"drawMode":0,"name":"Shaded","section":"Shading Mode"},"sceneLighting":false,"audioPlay":false,"sceneViewState":{"showFog":true,"showMaterialUpdate":true,"showSkybox":false,"showFlares":true,"showImageEffects":true,"showParticleSystems":true},"in2DMode":false,"pivot":{"x":9.24960708618164,"y":-35.15107727050781,"z":-30.934844970703126},"rotation":{"x":-0.09401193261146546,"y":-0.9057577252388,"z":0.3029915988445282,"w":-0.28107717633247378},"size":57.401119232177737,"orthographic":false}