{"cameraMode":{"drawMode":0,"name":"Shaded","section":"Shading Mode"},"sceneLighting":true,"audioPlay":false,"sceneViewState":{"showFog":true,"showMaterialUpdate":true,"showSkybox":true,"showFlares":true,"showImageEffects":true,"showParticleSystems":true},"in2DMode":false,"pivot":{"x":-19.910343170166017,"y":-7.05497932434082,"z":40.326316833496097},"rotation":{"x":-0.3515908122062683,"y":-0.1592612862586975,"z":0.06073584035038948,"w":-0.9205853343009949},"size":27.53809356689453,"orthographic":false}