{"cameraMode":{"drawMode":0,"name":"Shaded","section":"Shading Mode"},"sceneLighting":false,"audioPlay":false,"sceneViewState":{"showFog":true,"showMaterialUpdate":true,"showSkybox":false,"showFlares":true,"showImageEffects":true,"showParticleSystems":true},"in2DMode":false,"pivot":{"x":-2.088992118835449,"y":-7.878278732299805,"z":13.012359619140625},"rotation":{"x":-0.2706809937953949,"y":0.12004036456346512,"z":-0.03404614329338074,"w":-0.9545679092407227},"size":32.795318603515628,"orthographic":false}